train_loss_mean,train_loss_std,train_accuracy_mean,train_accuracy_std,train_loss_importance_vector_0_mean,train_loss_importance_vector_0_std,train_loss_importance_vector_1_mean,train_loss_importance_vector_1_std,train_loss_importance_vector_2_mean,train_loss_importance_vector_2_std,train_loss_importance_vector_3_mean,train_loss_importance_vector_3_std,train_loss_importance_vector_4_mean,train_loss_importance_vector_4_std,train_learning_rate_mean,train_learning_rate_std,val_loss_mean,val_loss_std,val_accuracy_mean,val_accuracy_std,val_loss_importance_vector_0_mean,val_loss_importance_vector_0_std,val_loss_importance_vector_1_mean,val_loss_importance_vector_1_std,val_loss_importance_vector_2_mean,val_loss_importance_vector_2_std,val_loss_importance_vector_3_mean,val_loss_importance_vector_3_std,val_loss_importance_vector_4_mean,val_loss_importance_vector_4_std,epoch,epoch_run_time
1.406997659444809,0.12485680412550508,0.41260000041127204,0.06901655147089134,0.20000000298023224,0.0,0.20000000298023224,0.0,0.20000000298023224,0.0,0.20000000298023224,0.0,0.20000000298023224,0.0,0.0010000000000000005,4.336808689942018e-19,1.4434839789072673,0.0921977216913367,0.3924000011384487,0.05317771850445622,0.20000000298023224,0.0,0.20000000298023224,0.0,0.20000000298023224,0.0,0.20000000298023224,0.0,0.20000000298023224,0.0,1,209.89254236221313
1.3299104988574981,0.11382636425932754,0.4556000000834465,0.06572143163267519,0.18666666746139526,0.0,0.18666666746139526,0.0,0.18666666746139526,0.0,0.18666666746139526,0.0,0.25333333015441895,0.0,0.0010000000000000005,4.336808689942018e-19,1.421395943959554,0.09920686773634173,0.40904444446166355,0.05683874018672206,0.18666666746139526,0.0,0.18666666746139526,0.0,0.18666666746139526,0.0,0.18666666746139526,0.0,0.25333333015441895,0.0,2,209.10280060768127
1.269736122727394,0.12547016920742263,0.48673333376646044,0.07276320741473113,0.1733333319425583,0.0,0.1733333319425583,0.0,0.1733333319425583,0.0,0.1733333319425583,0.0,0.30666667222976685,0.0,0.0010000000000000005,4.336808689942018e-19,1.3448767046133676,0.10281365211180472,0.4504222223162651,0.05927687171451677,0.1733333319425583,0.0,0.1733333319425583,0.0,0.1733333319425583,0.0,0.1733333319425583,0.0,0.30666667222976685,0.0,3,208.12554359436035
1.2253993574380875,0.11675824066500677,0.5055733333230019,0.06720750648339152,0.1599999964237213,0.0,0.1599999964237213,0.0,0.1599999964237213,0.0,0.1599999964237213,0.0,0.36000001430511475,0.0,0.0010000000000000005,4.336808689942018e-19,1.2991004804770152,0.10430350169737211,0.4694222225745519,0.05826217453983292,0.1599999964237213,0.0,0.1599999964237213,0.0,0.1599999964237213,0.0,0.1599999964237213,0.0,0.36000001430511475,0.0,4,206.9364833831787
1.1842416687011719,0.12295291430937953,0.528866667509079,0.06868320217728076,0.14666666090488434,0.0,0.14666666090488434,0.0,0.14666666090488434,0.0,0.14666666090488434,0.0,0.41333332657814026,0.0,0.0010000000000000005,4.336808689942018e-19,1.2974155060450236,0.11084892909247328,0.4664444450537364,0.058339576776212834,0.14666666090488434,0.0,0.14666666090488434,0.0,0.14666666090488434,0.0,0.14666666090488434,0.0,0.41333332657814026,0.0,5,209.3756763935089
1.1550405617952346,0.12328410492290075,0.541693333029747,0.07120221114414518,0.13333334028720856,0.0,0.13333334028720856,0.0,0.13333334028720856,0.0,0.13333334028720856,0.0,0.46666666865348816,0.0,0.0010000000000000005,4.336808689942018e-19,1.2756704207261402,0.1131579510004268,0.4823111109932264,0.06105728455096509,0.13333334028720856,0.0,0.13333334028720856,0.0,0.13333334028720856,0.0,0.13333334028720856,0.0,0.46666666865348816,0.0,6,208.58001899719238
1.1356243209838868,0.1353302130039999,0.5518933319449425,0.0734681621853235,0.11999999731779099,0.0,0.11999999731779099,0.0,0.11999999731779099,0.0,0.11999999731779099,0.0,0.5199999809265137,0.0,0.0010000000000000005,4.336808689942018e-19,1.2389723193645477,0.11174554943618635,0.49800000101327896,0.06137317557622136,0.11999999731779099,0.0,0.11999999731779099,0.0,0.11999999731779099,0.0,0.11999999731779099,0.0,0.5199999809265137,0.0,7,208.63816690444946
1.111009426355362,0.12480344943123554,0.5657333319187164,0.06692762034567012,0.1066666692495346,0.0,0.1066666692495346,0.0,0.1066666692495346,0.0,0.1066666692495346,0.0,0.5733333230018616,0.0,0.0010000000000000005,4.336808689942018e-19,1.25211793979009,0.11523088598016855,0.4909555553396543,0.06147668819365599,0.1066666692495346,0.0,0.1066666692495346,0.0,0.1066666692495346,0.0,0.1066666692495346,0.0,0.5733333230018616,0.0,8,209.79179525375366
1.1029716799259186,0.12528827224403466,0.5657333326339722,0.06905212190516763,0.09333333373069763,0.0,0.09333333373069763,0.0,0.09333333373069763,0.0,0.09333333373069763,0.0,0.6266666650772095,0.0,0.0010000000000000005,4.336808689942018e-19,1.2185067409276962,0.10866578111726073,0.5069999997814496,0.06104552038340202,0.09333333373069763,0.0,0.09333333373069763,0.0,0.09333333373069763,0.0,0.09333333373069763,0.0,0.6266666650772095,0.0,9,207.32164025306702
1.110631627559662,0.1296324559389171,0.5635599994659424,0.0708515948203701,0.07999999821186066,0.0,0.07999999821186066,0.0,0.07999999821186066,0.0,0.07999999821186066,0.0,0.6800000071525574,0.0,0.0010000000000000005,4.336808689942018e-19,1.2368489356835684,0.11151085893869667,0.4973333324988683,0.05872724018047483,0.07999999821186066,0.0,0.07999999821186066,0.0,0.07999999821186066,0.0,0.07999999821186066,0.0,0.6800000071525574,0.0,10,206.77617573738098
1.0758085047006607,0.1303317774726374,0.5798266666531563,0.06953730385277623,0.06666667014360428,0.0,0.06666667014360428,0.0,0.06666667014360428,0.0,0.06666667014360428,0.0,0.7333333492279053,0.0,0.0010000000000000005,4.336808689942018e-19,1.2458486115932466,0.1152514474408835,0.4924888893961906,0.05837704661334663,0.06666667014360428,0.0,0.06666667014360428,0.0,0.06666667014360428,0.0,0.06666667014360428,0.0,0.7333333492279053,0.0,11,206.92312622070312
1.0805429730415343,0.13524492267375063,0.5718666653633118,0.072610865302211,0.0533333346247673,0.0,0.0533333346247673,0.0,0.0533333346247673,0.0,0.0533333346247673,0.0,0.7866666913032532,0.0,0.0010000000000000005,4.336808689942018e-19,1.238535958925883,0.12807220979023703,0.49715555588404337,0.06135432890786806,0.0533333346247673,0.0,0.0533333346247673,0.0,0.0533333346247673,0.0,0.0533333346247673,0.0,0.7866666913032532,0.0,12,208.6116223335266
1.0671360496282578,0.13511909365848027,0.5796666653752327,0.070041098840722,0.03999999910593033,0.0,0.03999999910593033,0.0,0.03999999910593033,0.0,0.03999999910593033,0.0,0.8399999737739563,0.0,0.0010000000000000005,4.336808689942018e-19,1.2292318363984427,0.12067838159508787,0.5037111115455627,0.061376840026723195,0.03999999910593033,0.0,0.03999999910593033,0.0,0.03999999910593033,0.0,0.03999999910593033,0.0,0.8399999737739563,0.0,13,208.84844088554382
1.0415870281457902,0.13851755793496226,0.5930933328866959,0.0707203264206042,0.02666666731238365,0.0,0.02666666731238365,0.0,0.02666666731238365,0.0,0.02666666731238365,0.0,0.8933333158493042,0.0,0.0010000000000000005,4.336808689942018e-19,1.1995965083440145,0.12919059982935394,0.5114222220579783,0.06381146599074931,0.02666666731238365,0.0,0.02666666731238365,0.0,0.02666666731238365,0.0,0.02666666731238365,0.0,0.8933333158493042,0.0,14,209.76487183570862
1.0315363831520081,0.13356334007722195,0.5980799986124039,0.06799642467318413,0.013333333656191826,0.0,0.013333333656191826,0.0,0.013333333656191826,0.0,0.013333333656191826,0.0,0.9466666579246521,0.0,0.0010000000000000005,4.336808689942018e-19,1.1986819620927174,0.12381021423876007,0.5160222211480141,0.06376135493246204,0.013333333656191826,0.0,0.013333333656191826,0.0,0.013333333656191826,0.0,0.013333333656191826,0.0,0.9466666579246521,0.0,15,207.19928526878357
1.0104292004108428,0.13495112196402656,0.6057200000882149,0.07109487797603106,0.006000000052154064,0.0,0.006000000052154064,0.0,0.006000000052154064,0.0,0.006000000052154064,0.0,0.9760000109672546,0.0,0.0010000000000000005,4.336808689942018e-19,1.2162969783941904,0.13174756221853223,0.50642222036918,0.0638314855798232,0.006000000052154064,0.0,0.006000000052154064,0.0,0.006000000052154064,0.0,0.006000000052154064,0.0,0.9760000109672546,0.0,16,208.3502607345581
0.9998329731225968,0.1353736606345783,0.6112666662335395,0.06925441146404593,0.006000000052154064,0.0,0.006000000052154064,0.0,0.006000000052154064,0.0,0.006000000052154064,0.0,0.9760000109672546,0.0,0.0010000000000000005,4.336808689942018e-19,1.1983043724298477,0.13069419791679962,0.5153999990224838,0.062199404644321804,0.006000000052154064,0.0,0.006000000052154064,0.0,0.006000000052154064,0.0,0.006000000052154064,0.0,0.9760000109672546,0.0,17,208.41796207427979
0.9864515691995621,0.13604710610929363,0.6174666668176652,0.06924982135576961,0.006000000052154064,0.0,0.006000000052154064,0.0,0.006000000052154064,0.0,0.006000000052154064,0.0,0.9760000109672546,0.0,0.0010000000000000005,4.336808689942018e-19,1.189482298294703,0.127709000863743,0.5196888877948125,0.06482723051632658,0.006000000052154064,0.0,0.006000000052154064,0.0,0.006000000052154064,0.0,0.006000000052154064,0.0,0.9760000109672546,0.0,18,206.00413250923157
0.9787420728206635,0.14480422599575973,0.6229199996590614,0.07210182819333646,0.006000000052154064,0.0,0.006000000052154064,0.0,0.006000000052154064,0.0,0.006000000052154064,0.0,0.9760000109672546,0.0,0.0010000000000000005,4.336808689942018e-19,1.1771344967683157,0.13057689368342545,0.526755554676056,0.064741017891778,0.006000000052154064,0.0,0.006000000052154064,0.0,0.006000000052154064,0.0,0.006000000052154064,0.0,0.9760000109672546,0.0,19,209.00704979896545
0.9697799533605576,0.14146203728008122,0.6235466664433479,0.07178640536379213,0.006000000052154064,0.0,0.006000000052154064,0.0,0.006000000052154064,0.0,0.006000000052154064,0.0,0.9760000109672546,0.0,0.0010000000000000005,4.336808689942018e-19,1.1704372026522953,0.1300549567718769,0.5267555556694666,0.06412019386529814,0.006000000052154064,0.0,0.006000000052154064,0.0,0.006000000052154064,0.0,0.006000000052154064,0.0,0.9760000109672546,0.0,20,206.4103820323944
0.9612994819879532,0.13888287500448807,0.6270666664242744,0.07041729473013945,0.006000000052154064,0.0,0.006000000052154064,0.0,0.006000000052154064,0.0,0.006000000052154064,0.0,0.9760000109672546,0.0,0.0010000000000000005,4.336808689942018e-19,1.1847146876653036,0.12875288224408327,0.5212444447477659,0.06548230931984193,0.006000000052154064,0.0,0.006000000052154064,0.0,0.006000000052154064,0.0,0.006000000052154064,0.0,0.9760000109672546,0.0,21,207.38963341712952
0.939261422753334,0.12834148341427282,0.6381599995493888,0.06518071390122111,0.006000000052154064,0.0,0.006000000052154064,0.0,0.006000000052154064,0.0,0.006000000052154064,0.0,0.9760000109672546,0.0,0.0010000000000000005,4.336808689942018e-19,1.1689219963550568,0.13409808025647119,0.5249333317081134,0.0626521483139211,0.006000000052154064,0.0,0.006000000052154064,0.0,0.006000000052154064,0.0,0.006000000052154064,0.0,0.9760000109672546,0.0,22,207.77331709861755
0.939998460650444,0.14083375229294554,0.6390933322310448,0.0680214032410012,0.006000000052154064,0.0,0.006000000052154064,0.0,0.006000000052154064,0.0,0.006000000052154064,0.0,0.9760000109672546,0.0,0.0010000000000000005,4.336808689942018e-19,1.1591724586486816,0.13347498436092706,0.5324444421132406,0.06181533461159738,0.006000000052154064,0.0,0.006000000052154064,0.0,0.006000000052154064,0.0,0.006000000052154064,0.0,0.9760000109672546,0.0,23,209.70257806777954
0.92473375082016,0.14231924181892502,0.6448933339715004,0.07033736115878768,0.006000000052154064,0.0,0.006000000052154064,0.0,0.006000000052154064,0.0,0.006000000052154064,0.0,0.9760000109672546,0.0,0.0010000000000000005,4.336808689942018e-19,1.1319809669256211,0.1283175496486967,0.5456222207347552,0.06312554933166542,0.006000000052154064,0.0,0.006000000052154064,0.0,0.006000000052154064,0.0,0.006000000052154064,0.0,0.9760000109672546,0.0,24,208.62573051452637
0.9321810215711593,0.1414360189622295,0.6429866670370102,0.06939461874029157,0.006000000052154064,0.0,0.006000000052154064,0.0,0.006000000052154064,0.0,0.006000000052154064,0.0,0.9760000109672546,0.0,0.0010000000000000005,4.336808689942018e-19,1.1446530948082605,0.1347068600126167,0.5395777753988902,0.06424005292593521,0.006000000052154064,0.0,0.006000000052154064,0.0,0.006000000052154064,0.0,0.006000000052154064,0.0,0.9760000109672546,0.0,25,207.49791860580444
0.9155368174314499,0.14364926991088134,0.648279999434948,0.07005376909526441,0.006000000052154064,0.0,0.006000000052154064,0.0,0.006000000052154064,0.0,0.006000000052154064,0.0,0.9760000109672546,0.0,0.0010000000000000005,4.336808689942018e-19,1.137582092086474,0.1330049076978907,0.5396000000834466,0.06558107247497671,0.006000000052154064,0.0,0.006000000052154064,0.0,0.006000000052154064,0.0,0.006000000052154064,0.0,0.9760000109672546,0.0,26,207.4471571445465
0.9109489945173264,0.1358592457396713,0.6504533325433731,0.0700962438926428,0.006000000052154064,0.0,0.006000000052154064,0.0,0.006000000052154064,0.0,0.006000000052154064,0.0,0.9760000109672546,0.0,0.0010000000000000005,4.336808689942018e-19,1.1500089563926061,0.13835280961025562,0.5373111115892728,0.06426587834838036,0.006000000052154064,0.0,0.006000000052154064,0.0,0.006000000052154064,0.0,0.006000000052154064,0.0,0.9760000109672546,0.0,27,208.01890063285828
0.9049540571570397,0.14008253558398737,0.6527333335876465,0.06980795922044411,0.006000000052154064,0.0,0.006000000052154064,0.0,0.006000000052154064,0.0,0.006000000052154064,0.0,0.9760000109672546,0.0,0.0010000000000000005,4.336808689942018e-19,1.1410821113983791,0.1338515682301169,0.5403777757287025,0.06305792210932032,0.006000000052154064,0.0,0.006000000052154064,0.0,0.006000000052154064,0.0,0.006000000052154064,0.0,0.9760000109672546,0.0,28,206.39718770980835
0.9052409993410111,0.14040723968451385,0.651586665570736,0.06856152427185018,0.006000000052154064,0.0,0.006000000052154064,0.0,0.006000000052154064,0.0,0.006000000052154064,0.0,0.9760000109672546,0.0,0.0010000000000000005,4.336808689942018e-19,1.1405839244524638,0.1404821285365234,0.5406888884305954,0.06704757527214279,0.006000000052154064,0.0,0.006000000052154064,0.0,0.006000000052154064,0.0,0.006000000052154064,0.0,0.9760000109672546,0.0,29,208.54545879364014
0.9058170740604401,0.14505399135100688,0.6500533316731453,0.07005963755262044,0.006000000052154064,0.0,0.006000000052154064,0.0,0.006000000052154064,0.0,0.006000000052154064,0.0,0.9760000109672546,0.0,0.0010000000000000005,4.336808689942018e-19,1.1130486577749252,0.13699420719944125,0.5555111105243365,0.06400692827856838,0.006000000052154064,0.0,0.006000000052154064,0.0,0.006000000052154064,0.0,0.006000000052154064,0.0,0.9760000109672546,0.0,30,208.08016443252563
0.8864432178735733,0.14261985603415195,0.660453332901001,0.07123026062904185,0.006000000052154064,0.0,0.006000000052154064,0.0,0.006000000052154064,0.0,0.006000000052154064,0.0,0.9760000109672546,0.0,0.0010000000000000005,4.336808689942018e-19,1.1337175492445628,0.13869187928364382,0.5459999985496203,0.06381338484705676,0.006000000052154064,0.0,0.006000000052154064,0.0,0.006000000052154064,0.0,0.006000000052154064,0.0,0.9760000109672546,0.0,31,207.85019659996033
0.8977351653575897,0.13516881797014518,0.6528933318853378,0.06766244487320162,0.006000000052154064,0.0,0.006000000052154064,0.0,0.006000000052154064,0.0,0.006000000052154064,0.0,0.9760000109672546,0.0,0.0010000000000000005,4.336808689942018e-19,1.1182752589384715,0.1403795225111877,0.5514444436629613,0.0662731893978227,0.006000000052154064,0.0,0.006000000052154064,0.0,0.006000000052154064,0.0,0.006000000052154064,0.0,0.9760000109672546,0.0,32,206.55648612976074
0.8832627713680268,0.14046832088343605,0.6605733320116997,0.0696513876610579,0.006000000052154064,0.0,0.006000000052154064,0.0,0.006000000052154064,0.0,0.006000000052154064,0.0,0.9760000109672546,0.0,0.0010000000000000005,4.336808689942018e-19,1.121668795545896,0.13724349861034144,0.5520444445808729,0.06277860871483702,0.006000000052154064,0.0,0.006000000052154064,0.0,0.006000000052154064,0.0,0.006000000052154064,0.0,0.9760000109672546,0.0,33,207.72754859924316
0.8649654998779297,0.1453213647272884,0.6691599999070168,0.07117119459600817,0.006000000052154064,0.0,0.006000000052154064,0.0,0.006000000052154064,0.0,0.006000000052154064,0.0,0.9760000109672546,0.0,0.0010000000000000005,4.336808689942018e-19,1.1528412201007208,0.13244817531228212,0.5424666647116343,0.06237987415452108,0.006000000052154064,0.0,0.006000000052154064,0.0,0.006000000052154064,0.0,0.006000000052154064,0.0,0.9760000109672546,0.0,34,208.01524376869202
0.8771883718967438,0.14433074559657208,0.6654266655445099,0.06949577219376651,0.006000000052154064,0.0,0.006000000052154064,0.0,0.006000000052154064,0.0,0.006000000052154064,0.0,0.9760000109672546,0.0,0.0010000000000000005,4.336808689942018e-19,1.1146608622868857,0.14561082277682375,0.5553333329161009,0.06568273871040037,0.006000000052154064,0.0,0.006000000052154064,0.0,0.006000000052154064,0.0,0.006000000052154064,0.0,0.9760000109672546,0.0,35,208.58237218856812
0.8567575880289078,0.15167135056028214,0.671866665840149,0.07368750929300803,0.006000000052154064,0.0,0.006000000052154064,0.0,0.006000000052154064,0.0,0.006000000052154064,0.0,0.9760000109672546,0.0,0.0010000000000000005,4.336808689942018e-19,1.1086374274889628,0.13940466097240004,0.5574666653076807,0.06423415514980163,0.006000000052154064,0.0,0.006000000052154064,0.0,0.006000000052154064,0.0,0.006000000052154064,0.0,0.9760000109672546,0.0,36,209.29083490371704
0.8615070133805275,0.14342159514536015,0.6697333320379257,0.07019984182670437,0.006000000052154064,0.0,0.006000000052154064,0.0,0.006000000052154064,0.0,0.006000000052154064,0.0,0.9760000109672546,0.0,0.0010000000000000005,4.336808689942018e-19,1.119305603702863,0.14044710386611192,0.5540666675567627,0.0638834229790011,0.006000000052154064,0.0,0.006000000052154064,0.0,0.006000000052154064,0.0,0.006000000052154064,0.0,0.9760000109672546,0.0,37,207.9223141670227
0.8541843649148941,0.14886189921277765,0.6733733338117599,0.07058799488083908,0.006000000052154064,0.0,0.006000000052154064,0.0,0.006000000052154064,0.0,0.006000000052154064,0.0,0.9760000109672546,0.0,0.0010000000000000005,4.336808689942018e-19,1.1011789141098658,0.1401703743389767,0.5601777763168017,0.06533989161243553,0.006000000052154064,0.0,0.006000000052154064,0.0,0.006000000052154064,0.0,0.006000000052154064,0.0,0.9760000109672546,0.0,38,207.34429788589478
0.8638042360544205,0.15228674384625335,0.6690266657471656,0.07358281394761822,0.006000000052154064,0.0,0.006000000052154064,0.0,0.006000000052154064,0.0,0.006000000052154064,0.0,0.9760000109672546,0.0,0.0010000000000000005,4.336808689942018e-19,1.1160841673612594,0.14189015145726083,0.5528666644295057,0.06426741508587164,0.006000000052154064,0.0,0.006000000052154064,0.0,0.006000000052154064,0.0,0.006000000052154064,0.0,0.9760000109672546,0.0,39,207.70810198783875
0.8352887689471244,0.145585324255058,0.6822133342623711,0.07203634305506817,0.006000000052154064,0.0,0.006000000052154064,0.0,0.006000000052154064,0.0,0.006000000052154064,0.0,0.9760000109672546,0.0,0.0010000000000000005,4.336808689942018e-19,1.117018654346466,0.14032641722449188,0.5551777771115303,0.06465181547817124,0.006000000052154064,0.0,0.006000000052154064,0.0,0.006000000052154064,0.0,0.006000000052154064,0.0,0.9760000109672546,0.0,40,206.80711936950684
0.8521610922217369,0.14477188392841564,0.6741333329677581,0.07077651896954808,0.006000000052154064,0.0,0.006000000052154064,0.0,0.006000000052154064,0.0,0.006000000052154064,0.0,0.9760000109672546,0.0,0.0010000000000000005,4.336808689942018e-19,1.1151955648263296,0.13941503436350575,0.5527333331108093,0.06559197044795106,0.006000000052154064,0.0,0.006000000052154064,0.0,0.006000000052154064,0.0,0.006000000052154064,0.0,0.9760000109672546,0.0,41,207.49243807792664
0.8441315572857857,0.1469766884666951,0.6776000002622604,0.06905276611810225,0.006000000052154064,0.0,0.006000000052154064,0.0,0.006000000052154064,0.0,0.006000000052154064,0.0,0.9760000109672546,0.0,0.0010000000000000005,4.336808689942018e-19,1.1409165453910828,0.14706626914438492,0.5461333327492078,0.06793469492917258,0.006000000052154064,0.0,0.006000000052154064,0.0,0.006000000052154064,0.0,0.006000000052154064,0.0,0.9760000109672546,0.0,42,207.80599403381348
0.8361671818494797,0.14289768498322003,0.6800266663432122,0.06800522393178583,0.006000000052154064,0.0,0.006000000052154064,0.0,0.006000000052154064,0.0,0.006000000052154064,0.0,0.9760000109672546,0.0,0.0010000000000000005,4.336808689942018e-19,1.101596357425054,0.14240118127211934,0.5628888875246048,0.06407133274096978,0.006000000052154064,0.0,0.006000000052154064,0.0,0.006000000052154064,0.0,0.006000000052154064,0.0,0.9760000109672546,0.0,43,208.18697214126587
0.84455703830719,0.1473604860725143,0.6775866664052009,0.07087985388689326,0.006000000052154064,0.0,0.006000000052154064,0.0,0.006000000052154064,0.0,0.006000000052154064,0.0,0.9760000109672546,0.0,0.0010000000000000005,4.336808689942018e-19,1.0947717239459356,0.14004237016934787,0.5657333317399025,0.06368221829741622,0.006000000052154064,0.0,0.006000000052154064,0.0,0.006000000052154064,0.0,0.006000000052154064,0.0,0.9760000109672546,0.0,44,207.66775631904602
0.8244223919510841,0.14935989102011302,0.6835066656470299,0.06995405811285592,0.006000000052154064,0.0,0.006000000052154064,0.0,0.006000000052154064,0.0,0.006000000052154064,0.0,0.9760000109672546,0.0,0.0010000000000000005,4.336808689942018e-19,1.1079295378923417,0.1399332999950981,0.5579777780175209,0.06446060719035947,0.006000000052154064,0.0,0.006000000052154064,0.0,0.006000000052154064,0.0,0.006000000052154064,0.0,0.9760000109672546,0.0,45,206.85893154144287
0.8331857558488845,0.15295362268498272,0.6837733340263367,0.0734125767827028,0.006000000052154064,0.0,0.006000000052154064,0.0,0.006000000052154064,0.0,0.006000000052154064,0.0,0.9760000109672546,0.0,0.0010000000000000005,4.336808689942018e-19,1.125697148044904,0.14510806353140926,0.5536666659514109,0.06846491307350402,0.006000000052154064,0.0,0.006000000052154064,0.0,0.006000000052154064,0.0,0.006000000052154064,0.0,0.9760000109672546,0.0,46,207.62300729751587
0.8302266942858696,0.14445800417273447,0.683519998729229,0.06737266742542702,0.006000000052154064,0.0,0.006000000052154064,0.0,0.006000000052154064,0.0,0.006000000052154064,0.0,0.9760000109672546,0.0,0.0010000000000000005,4.336808689942018e-19,1.088207375605901,0.14427668722662332,0.5665999982754389,0.06602240762301222,0.006000000052154064,0.0,0.006000000052154064,0.0,0.006000000052154064,0.0,0.006000000052154064,0.0,0.9760000109672546,0.0,47,208.6510009765625
0.8144740079641342,0.15262719004416506,0.6902266649007798,0.0718012209771745,0.006000000052154064,0.0,0.006000000052154064,0.0,0.006000000052154064,0.0,0.006000000052154064,0.0,0.9760000109672546,0.0,0.0010000000000000005,4.336808689942018e-19,1.0991903996467591,0.1440408402090895,0.5649111102024714,0.0655960667463653,0.006000000052154064,0.0,0.006000000052154064,0.0,0.006000000052154064,0.0,0.006000000052154064,0.0,0.9760000109672546,0.0,48,208.28553342819214
0.817462288916111,0.1464921644097221,0.687826666355133,0.06833503330661848,0.006000000052154064,0.0,0.006000000052154064,0.0,0.006000000052154064,0.0,0.006000000052154064,0.0,0.9760000109672546,0.0,0.0010000000000000005,4.336808689942018e-19,1.1128109310070673,0.1493323887998428,0.560977777938048,0.06608361232045003,0.006000000052154064,0.0,0.006000000052154064,0.0,0.006000000052154064,0.0,0.006000000052154064,0.0,0.9760000109672546,0.0,49,207.7432119846344
0.8194117356538773,0.14630488388017318,0.6863466668128967,0.06938001556155471,0.006000000052154064,0.0,0.006000000052154064,0.0,0.006000000052154064,0.0,0.006000000052154064,0.0,0.9760000109672546,0.0,0.0010000000000000005,4.336808689942018e-19,1.0992848684390386,0.14078177894341265,0.5654666647315025,0.06336990572815118,0.006000000052154064,0.0,0.006000000052154064,0.0,0.006000000052154064,0.0,0.006000000052154064,0.0,0.9760000109672546,0.0,50,208.19214129447937
0.8201988996267319,0.1437255303582673,0.6873066662549973,0.0686086428197929,0.006000000052154064,0.0,0.006000000052154064,0.0,0.006000000052154064,0.0,0.006000000052154064,0.0,0.9760000109672546,0.0,0.0010000000000000005,4.336808689942018e-19,1.0994722225268683,0.14246824068150327,0.563088887532552,0.06607806403072973,0.006000000052154064,0.0,0.006000000052154064,0.0,0.006000000052154064,0.0,0.006000000052154064,0.0,0.9760000109672546,0.0,51,208.41395926475525
0.7986181187033653,0.14400221367828656,0.6958666664361953,0.06870083300532859,0.006000000052154064,0.0,0.006000000052154064,0.0,0.006000000052154064,0.0,0.006000000052154064,0.0,0.9760000109672546,0.0,0.0010000000000000005,4.336808689942018e-19,1.0833812713623048,0.14328069695541437,0.5712888860702514,0.06451848612939405,0.006000000052154064,0.0,0.006000000052154064,0.0,0.006000000052154064,0.0,0.006000000052154064,0.0,0.9760000109672546,0.0,52,208.1039695739746
0.8161084519624711,0.1486359938164757,0.6893599990606308,0.06855355941990196,0.006000000052154064,0.0,0.006000000052154064,0.0,0.006000000052154064,0.0,0.006000000052154064,0.0,0.9760000109672546,0.0,0.0010000000000000005,4.336808689942018e-19,1.0903789673248927,0.1415791277103394,0.5655999998251597,0.06683126264183537,0.006000000052154064,0.0,0.006000000052154064,0.0,0.006000000052154064,0.0,0.006000000052154064,0.0,0.9760000109672546,0.0,53,206.9657702445984
0.8020883331298828,0.14167619508940785,0.6946800005435944,0.06639317158519223,0.006000000052154064,0.0,0.006000000052154064,0.0,0.006000000052154064,0.0,0.006000000052154064,0.0,0.9760000109672546,0.0,0.0010000000000000005,4.336808689942018e-19,1.081626869837443,0.14254771567865518,0.5710222212473551,0.06537180902260599,0.006000000052154064,0.0,0.006000000052154064,0.0,0.006000000052154064,0.0,0.006000000052154064,0.0,0.9760000109672546,0.0,54,209.47672629356384
0.8130092704296112,0.15019869723590218,0.6899333339333534,0.0696000954540918,0.006000000052154064,0.0,0.006000000052154064,0.0,0.006000000052154064,0.0,0.006000000052154064,0.0,0.9760000109672546,0.0,0.0010000000000000005,4.336808689942018e-19,1.1113498638073602,0.152028059700901,0.5574222209056219,0.06692521519935715,0.006000000052154064,0.0,0.006000000052154064,0.0,0.006000000052154064,0.0,0.006000000052154064,0.0,0.9760000109672546,0.0,55,209.58910942077637
0.8053134409189224,0.1448151400023823,0.693293331861496,0.06806205244599067,0.006000000052154064,0.0,0.006000000052154064,0.0,0.006000000052154064,0.0,0.006000000052154064,0.0,0.9760000109672546,0.0,0.0010000000000000005,4.336808689942018e-19,1.093497399687767,0.14572576443921856,0.5667111074924469,0.06609755527962415,0.006000000052154064,0.0,0.006000000052154064,0.0,0.006000000052154064,0.0,0.006000000052154064,0.0,0.9760000109672546,0.0,56,208.65006756782532
0.7995785712599754,0.14565415765817352,0.6958933339118958,0.06969028335212052,0.006000000052154064,0.0,0.006000000052154064,0.0,0.006000000052154064,0.0,0.006000000052154064,0.0,0.9760000109672546,0.0,0.0010000000000000005,4.336808689942018e-19,1.0826258639494577,0.14462901099700448,0.5720444460709889,0.06347328054120203,0.006000000052154064,0.0,0.006000000052154064,0.0,0.006000000052154064,0.0,0.006000000052154064,0.0,0.9760000109672546,0.0,57,208.10023498535156
0.7962936183214188,0.14500386474145427,0.6980533328056335,0.06810016678539683,0.006000000052154064,0.0,0.006000000052154064,0.0,0.006000000052154064,0.0,0.006000000052154064,0.0,0.9760000109672546,0.0,0.0010000000000000005,4.336808689942018e-19,1.099418777426084,0.1468964726387249,0.5661999976634979,0.06484571786066012,0.006000000052154064,0.0,0.006000000052154064,0.0,0.006000000052154064,0.0,0.006000000052154064,0.0,0.9760000109672546,0.0,58,209.71873307228088
0.794993094921112,0.1396505604997043,0.6966533337235451,0.0676178791018693,0.006000000052154064,0.0,0.006000000052154064,0.0,0.006000000052154064,0.0,0.006000000052154064,0.0,0.9760000109672546,0.0,0.0010000000000000005,4.336808689942018e-19,1.0968481914202373,0.14883775473645564,0.5681555518507957,0.06528800662537164,0.006000000052154064,0.0,0.006000000052154064,0.0,0.006000000052154064,0.0,0.006000000052154064,0.0,0.9760000109672546,0.0,59,207.24646282196045
0.7980356574654579,0.1470610627073876,0.6964666674137115,0.06877632044682618,0.006000000052154064,0.0,0.006000000052154064,0.0,0.006000000052154064,0.0,0.006000000052154064,0.0,0.9760000109672546,0.0,0.0010000000000000005,4.336808689942018e-19,1.0918081945180893,0.1485591797777493,0.5718666660785675,0.06376749362557445,0.006000000052154064,0.0,0.006000000052154064,0.0,0.006000000052154064,0.0,0.006000000052154064,0.0,0.9760000109672546,0.0,60,208.45838069915771
0.791680570602417,0.15264180197863747,0.7006666665673256,0.06891734263074586,0.006000000052154064,0.0,0.006000000052154064,0.0,0.006000000052154064,0.0,0.006000000052154064,0.0,0.9760000109672546,0.0,0.0010000000000000005,4.336808689942018e-19,1.08986287911733,0.14620129891345232,0.5688444438576699,0.06571767420566817,0.006000000052154064,0.0,0.006000000052154064,0.0,0.006000000052154064,0.0,0.006000000052154064,0.0,0.9760000109672546,0.0,61,208.4309344291687
0.787095278263092,0.14993845116723362,0.6996533343195915,0.07024569362079465,0.006000000052154064,0.0,0.006000000052154064,0.0,0.006000000052154064,0.0,0.006000000052154064,0.0,0.9760000109672546,0.0,0.0010000000000000005,4.336808689942018e-19,1.1171899483601253,0.14456261515028682,0.5568666665752728,0.06407025058859826,0.006000000052154064,0.0,0.006000000052154064,0.0,0.006000000052154064,0.0,0.006000000052154064,0.0,0.9760000109672546,0.0,62,206.6390416622162
0.7858151686191559,0.14617001915548752,0.7004133323431015,0.06781745286258349,0.006000000052154064,0.0,0.006000000052154064,0.0,0.006000000052154064,0.0,0.006000000052154064,0.0,0.9760000109672546,0.0,0.0010000000000000005,4.336808689942018e-19,1.1117217755317688,0.15174392045406873,0.5610888872543971,0.06647862018224437,0.006000000052154064,0.0,0.006000000052154064,0.0,0.006000000052154064,0.0,0.006000000052154064,0.0,0.9760000109672546,0.0,63,206.87290954589844
0.7838430926799774,0.14548199783010915,0.7022533332109451,0.06777733428588614,0.006000000052154064,0.0,0.006000000052154064,0.0,0.006000000052154064,0.0,0.006000000052154064,0.0,0.9760000109672546,0.0,0.0010000000000000005,4.336808689942018e-19,1.1001022529602051,0.1514271408695932,0.5629999994238217,0.06569317035278732,0.006000000052154064,0.0,0.006000000052154064,0.0,0.006000000052154064,0.0,0.006000000052154064,0.0,0.9760000109672546,0.0,64,208.89060163497925
0.789437280535698,0.1488479222958569,0.6999466667175293,0.06875009042314563,0.006000000052154064,0.0,0.006000000052154064,0.0,0.006000000052154064,0.0,0.006000000052154064,0.0,0.9760000109672546,0.0,0.0010000000000000005,4.336808689942018e-19,1.10022618552049,0.14685630814117512,0.5643333331743876,0.06459016111480899,0.006000000052154064,0.0,0.006000000052154064,0.0,0.006000000052154064,0.0,0.006000000052154064,0.0,0.9760000109672546,0.0,65,208.211088180542
0.7876737003326416,0.14299065834424696,0.6988533339500427,0.06816920755177193,0.006000000052154064,0.0,0.006000000052154064,0.0,0.006000000052154064,0.0,0.006000000052154064,0.0,0.9760000109672546,0.0,0.0010000000000000005,4.336808689942018e-19,1.0749165238936742,0.1438452078894009,0.5730666679143905,0.06551846804489238,0.006000000052154064,0.0,0.006000000052154064,0.0,0.006000000052154064,0.0,0.006000000052154064,0.0,0.9760000109672546,0.0,66,206.57319569587708
0.7937145680785179,0.1462464646191253,0.6974400007128716,0.06894782038698699,0.006000000052154064,0.0,0.006000000052154064,0.0,0.006000000052154064,0.0,0.006000000052154064,0.0,0.9760000109672546,0.0,0.0010000000000000005,4.336808689942018e-19,1.082221485177676,0.14604207006540257,0.5736666668454806,0.06322710324240512,0.006000000052154064,0.0,0.006000000052154064,0.0,0.006000000052154064,0.0,0.006000000052154064,0.0,0.9760000109672546,0.0,67,208.79490399360657
0.7767323402166366,0.14068504489403102,0.7034666657447814,0.06628477229579806,0.006000000052154064,0.0,0.006000000052154064,0.0,0.006000000052154064,0.0,0.006000000052154064,0.0,0.9760000109672546,0.0,0.0010000000000000005,4.336808689942018e-19,1.0835186064243316,0.14331708313518612,0.5704666665196418,0.06206272723516057,0.006000000052154064,0.0,0.006000000052154064,0.0,0.006000000052154064,0.0,0.006000000052154064,0.0,0.9760000109672546,0.0,68,209.53354024887085
0.7716480414271355,0.14190777305169683,0.706186665892601,0.06805449346196857,0.006000000052154064,0.0,0.006000000052154064,0.0,0.006000000052154064,0.0,0.006000000052154064,0.0,0.9760000109672546,0.0,0.0010000000000000005,4.336808689942018e-19,1.0697841586669286,0.14195442546797427,0.5783333332339923,0.06301351814630862,0.006000000052154064,0.0,0.006000000052154064,0.0,0.006000000052154064,0.0,0.006000000052154064,0.0,0.9760000109672546,0.0,69,207.94968271255493
0.7755742504000663,0.14704390509337073,0.7064533341526985,0.06964001990946701,0.006000000052154064,0.0,0.006000000052154064,0.0,0.006000000052154064,0.0,0.006000000052154064,0.0,0.9760000109672546,0.0,0.0010000000000000005,4.336808689942018e-19,1.0774145289262136,0.1489282406483465,0.5777999997138977,0.06299009983565663,0.006000000052154064,0.0,0.006000000052154064,0.0,0.006000000052154064,0.0,0.006000000052154064,0.0,0.9760000109672546,0.0,70,208.7980718612671
0.7662681090831757,0.13953914546941604,0.7100800006389618,0.0642086372127849,0.006000000052154064,0.0,0.006000000052154064,0.0,0.006000000052154064,0.0,0.006000000052154064,0.0,0.9760000109672546,0.0,0.0010000000000000005,4.336808689942018e-19,1.097382427851359,0.15591113275290752,0.570288888613383,0.06521807933657063,0.006000000052154064,0.0,0.006000000052154064,0.0,0.006000000052154064,0.0,0.006000000052154064,0.0,0.9760000109672546,0.0,71,207.66032600402832
0.7724774261713028,0.14846365717706234,0.7063866657614708,0.06736706673392549,0.006000000052154064,0.0,0.006000000052154064,0.0,0.006000000052154064,0.0,0.006000000052154064,0.0,0.9760000109672546,0.0,0.0010000000000000005,4.336808689942018e-19,1.0840707006057104,0.1461352754798399,0.5702222215135893,0.06494061793977339,0.006000000052154064,0.0,0.006000000052154064,0.0,0.006000000052154064,0.0,0.006000000052154064,0.0,0.9760000109672546,0.0,72,208.1727089881897
0.7803311308026314,0.15003183296101225,0.7051466661691665,0.06892315184414594,0.006000000052154064,0.0,0.006000000052154064,0.0,0.006000000052154064,0.0,0.006000000052154064,0.0,0.9760000109672546,0.0,0.0010000000000000005,4.336808689942018e-19,1.089399027824402,0.14781504994729497,0.5697999996940295,0.0652161404755816,0.006000000052154064,0.0,0.006000000052154064,0.0,0.006000000052154064,0.0,0.006000000052154064,0.0,0.9760000109672546,0.0,73,207.212415933609
0.7654320023655892,0.14582175076569986,0.7099333335161209,0.06868087203737158,0.006000000052154064,0.0,0.006000000052154064,0.0,0.006000000052154064,0.0,0.006000000052154064,0.0,0.9760000109672546,0.0,0.0010000000000000005,4.336808689942018e-19,1.0858540205160776,0.14771020685578018,0.5707333322366078,0.06356025975701977,0.006000000052154064,0.0,0.006000000052154064,0.0,0.006000000052154064,0.0,0.006000000052154064,0.0,0.9760000109672546,0.0,74,209.7588837146759
0.7666401645541191,0.14711772279021917,0.7113066658973694,0.06660917163597148,0.006000000052154064,0.0,0.006000000052154064,0.0,0.006000000052154064,0.0,0.006000000052154064,0.0,0.9760000109672546,0.0,0.0010000000000000005,4.336808689942018e-19,1.0820940496524174,0.15008086234249146,0.5757555542389552,0.06589036704346608,0.006000000052154064,0.0,0.006000000052154064,0.0,0.006000000052154064,0.0,0.006000000052154064,0.0,0.9760000109672546,0.0,75,208.49357175827026
0.7521671298742294,0.15070370139248412,0.7148133333921433,0.06894142913021718,0.006000000052154064,0.0,0.006000000052154064,0.0,0.006000000052154064,0.0,0.006000000052154064,0.0,0.9760000109672546,0.0,0.0010000000000000005,4.336808689942018e-19,1.0729394123951594,0.14578435026155417,0.5803777765234311,0.06329242696354552,0.006000000052154064,0.0,0.006000000052154064,0.0,0.006000000052154064,0.0,0.006000000052154064,0.0,0.9760000109672546,0.0,76,207.79650592803955
0.7600455054044724,0.15116417841889734,0.7102266670465469,0.0702683255666456,0.006000000052154064,0.0,0.006000000052154064,0.0,0.006000000052154064,0.0,0.006000000052154064,0.0,0.9760000109672546,0.0,0.0010000000000000005,4.336808689942018e-19,1.0771388202905654,0.14707962109601413,0.5765777776638666,0.06270795956489221,0.006000000052154064,0.0,0.006000000052154064,0.0,0.006000000052154064,0.0,0.006000000052154064,0.0,0.9760000109672546,0.0,77,207.66502046585083
0.7708154201507569,0.15043901780718943,0.7045599992275238,0.0689489808369757,0.006000000052154064,0.0,0.006000000052154064,0.0,0.006000000052154064,0.0,0.006000000052154064,0.0,0.9760000109672546,0.0,0.0010000000000000005,4.336808689942018e-19,1.052308769027392,0.14393924888397958,0.5784888878464699,0.06713897915022289,0.006000000052154064,0.0,0.006000000052154064,0.0,0.006000000052154064,0.0,0.006000000052154064,0.0,0.9760000109672546,0.0,78,207.57890105247498
0.7583940427303314,0.1469625289812127,0.71094666659832,0.0690281222095119,0.006000000052154064,0.0,0.006000000052154064,0.0,0.006000000052154064,0.0,0.006000000052154064,0.0,0.9760000109672546,0.0,0.0010000000000000005,4.336808689942018e-19,1.0800855827331544,0.14498589892758829,0.5738444433609644,0.05907589049608167,0.006000000052154064,0.0,0.006000000052154064,0.0,0.006000000052154064,0.0,0.006000000052154064,0.0,0.9760000109672546,0.0,79,208.8715465068817
0.7653369135260581,0.15446213915114623,0.7080933330655098,0.07024028843709883,0.006000000052154064,0.0,0.006000000052154064,0.0,0.006000000052154064,0.0,0.006000000052154064,0.0,0.9760000109672546,0.0,0.0010000000000000005,4.336808689942018e-19,1.0646868759393693,0.13949612395025773,0.5796444443861644,0.06207181780033463,0.006000000052154064,0.0,0.006000000052154064,0.0,0.006000000052154064,0.0,0.006000000052154064,0.0,0.9760000109672546,0.0,80,207.13858604431152
0.7539231402873993,0.14478810895500524,0.7119866676330566,0.06868323250581224,0.006000000052154064,0.0,0.006000000052154064,0.0,0.006000000052154064,0.0,0.006000000052154064,0.0,0.9760000109672546,0.0,0.0010000000000000005,4.336808689942018e-19,1.0754221735397975,0.1495784604564563,0.5743999993801117,0.06279693341872984,0.006000000052154064,0.0,0.006000000052154064,0.0,0.006000000052154064,0.0,0.006000000052154064,0.0,0.9760000109672546,0.0,81,208.37616848945618
0.7524011101126671,0.14459907645124034,0.7142800008058547,0.067750469330181,0.006000000052154064,0.0,0.006000000052154064,0.0,0.006000000052154064,0.0,0.006000000052154064,0.0,0.9760000109672546,0.0,0.0010000000000000005,4.336808689942018e-19,1.084478008945783,0.15116209595193372,0.5710222216447195,0.06397678366064459,0.006000000052154064,0.0,0.006000000052154064,0.0,0.006000000052154064,0.0,0.006000000052154064,0.0,0.9760000109672546,0.0,82,207.66638088226318
0.7587885214090347,0.14810954786283897,0.7112800003886223,0.06901630733637054,0.006000000052154064,0.0,0.006000000052154064,0.0,0.006000000052154064,0.0,0.006000000052154064,0.0,0.9760000109672546,0.0,0.0010000000000000005,4.336808689942018e-19,1.0720996326208114,0.14144647807145128,0.5773333332935969,0.06566356362852754,0.006000000052154064,0.0,0.006000000052154064,0.0,0.006000000052154064,0.0,0.006000000052154064,0.0,0.9760000109672546,0.0,83,206.6567680835724
0.7591747386455536,0.1420323178493697,0.7085733343958854,0.06728916239671104,0.006000000052154064,0.0,0.006000000052154064,0.0,0.006000000052154064,0.0,0.006000000052154064,0.0,0.9760000109672546,0.0,0.0010000000000000005,4.336808689942018e-19,1.0692030020554861,0.14644057509998928,0.5838222202658653,0.06354396202637623,0.006000000052154064,0.0,0.006000000052154064,0.0,0.006000000052154064,0.0,0.006000000052154064,0.0,0.9760000109672546,0.0,84,206.9128999710083
0.7363404161930084,0.14868836820080655,0.7205066667199135,0.06923911040437367,0.006000000052154064,0.0,0.006000000052154064,0.0,0.006000000052154064,0.0,0.006000000052154064,0.0,0.9760000109672546,0.0,0.0010000000000000005,4.336808689942018e-19,1.0737607451279958,0.1471647741720987,0.5775555553038915,0.06352097098447736,0.006000000052154064,0.0,0.006000000052154064,0.0,0.006000000052154064,0.0,0.006000000052154064,0.0,0.9760000109672546,0.0,85,209.3836476802826
0.7535039193630219,0.1429578785194202,0.7143999991416932,0.0653939847482897,0.006000000052154064,0.0,0.006000000052154064,0.0,0.006000000052154064,0.0,0.006000000052154064,0.0,0.9760000109672546,0.0,0.0010000000000000005,4.336808689942018e-19,1.0689970860878626,0.14521800336068016,0.5781333324313164,0.06193961114072004,0.006000000052154064,0.0,0.006000000052154064,0.0,0.006000000052154064,0.0,0.006000000052154064,0.0,0.9760000109672546,0.0,86,209.92355465888977
0.7519126133322716,0.14661521002131067,0.7147066658735275,0.06688616103740058,0.006000000052154064,0.0,0.006000000052154064,0.0,0.006000000052154064,0.0,0.006000000052154064,0.0,0.9760000109672546,0.0,0.0010000000000000005,4.336808689942018e-19,1.068820530573527,0.15155205518560025,0.5804222204287847,0.06550747478112426,0.006000000052154064,0.0,0.006000000052154064,0.0,0.006000000052154064,0.0,0.006000000052154064,0.0,0.9760000109672546,0.0,87,208.42054653167725
0.7493966494202614,0.14803122979440772,0.7153466658592225,0.06845170170855132,0.006000000052154064,0.0,0.006000000052154064,0.0,0.006000000052154064,0.0,0.006000000052154064,0.0,0.9760000109672546,0.0,0.0010000000000000005,4.336808689942018e-19,1.0725913021961848,0.1463011272766791,0.5763777764638265,0.06488558227695962,0.006000000052154064,0.0,0.006000000052154064,0.0,0.006000000052154064,0.0,0.006000000052154064,0.0,0.9760000109672546,0.0,88,207.03836631774902
0.7455980080962181,0.14562742085274713,0.7173333339691162,0.06571588618593822,0.006000000052154064,0.0,0.006000000052154064,0.0,0.006000000052154064,0.0,0.006000000052154064,0.0,0.9760000109672546,0.0,0.0010000000000000005,4.336808689942018e-19,1.0681665066878,0.14837555939311609,0.5817555541793505,0.06538795343512337,0.006000000052154064,0.0,0.006000000052154064,0.0,0.006000000052154064,0.0,0.006000000052154064,0.0,0.9760000109672546,0.0,89,206.44580149650574
0.7398663133978843,0.1455508933872263,0.7185333334803581,0.06706534116087404,0.006000000052154064,0.0,0.006000000052154064,0.0,0.006000000052154064,0.0,0.006000000052154064,0.0,0.9760000109672546,0.0,0.0010000000000000005,4.336808689942018e-19,1.104048533042272,0.15373933814904195,0.5686222231388092,0.06493778995313099,0.006000000052154064,0.0,0.006000000052154064,0.0,0.006000000052154064,0.0,0.006000000052154064,0.0,0.9760000109672546,0.0,90,208.11328506469727
0.7426032695770264,0.15200847557634764,0.7176266675591468,0.06906913285438743,0.006000000052154064,0.0,0.006000000052154064,0.0,0.006000000052154064,0.0,0.006000000052154064,0.0,0.9760000109672546,0.0,0.0010000000000000005,4.336808689942018e-19,1.0653929859399796,0.15371664345261074,0.5811999998490016,0.0643235791684079,0.006000000052154064,0.0,0.006000000052154064,0.0,0.006000000052154064,0.0,0.006000000052154064,0.0,0.9760000109672546,0.0,91,206.53748154640198
0.7389402626752853,0.14947355766954845,0.7209600011110305,0.07012093179536855,0.006000000052154064,0.0,0.006000000052154064,0.0,0.006000000052154064,0.0,0.006000000052154064,0.0,0.9760000109672546,0.0,0.0010000000000000005,4.336808689942018e-19,1.070933712720871,0.14635855850043575,0.5747555559873581,0.06542436584893428,0.006000000052154064,0.0,0.006000000052154064,0.0,0.006000000052154064,0.0,0.006000000052154064,0.0,0.9760000109672546,0.0,92,206.38769268989563
0.7152145475745201,0.1436297173086551,0.7291333328485489,0.06653757570272882,0.006000000052154064,0.0,0.006000000052154064,0.0,0.006000000052154064,0.0,0.006000000052154064,0.0,0.9760000109672546,0.0,0.0010000000000000005,4.336808689942018e-19,1.0566424570480983,0.1501487548289859,0.5805777766307195,0.06479797448094439,0.006000000052154064,0.0,0.006000000052154064,0.0,0.006000000052154064,0.0,0.006000000052154064,0.0,0.9760000109672546,0.0,93,207.15185165405273
0.742242490530014,0.14911446102969925,0.7170266660451889,0.06947392280069559,0.006000000052154064,0.0,0.006000000052154064,0.0,0.006000000052154064,0.0,0.006000000052154064,0.0,0.9760000109672546,0.0,0.0010000000000000005,4.336808689942018e-19,1.0699088577429454,0.15256491286701954,0.5780888889233271,0.06668371623629915,0.006000000052154064,0.0,0.006000000052154064,0.0,0.006000000052154064,0.0,0.006000000052154064,0.0,0.9760000109672546,0.0,94,208.57026529312134
0.7431097744703293,0.15294253527023363,0.7167333338260651,0.07066223215859023,0.006000000052154064,0.0,0.006000000052154064,0.0,0.006000000052154064,0.0,0.006000000052154064,0.0,0.9760000109672546,0.0,0.0010000000000000005,4.336808689942018e-19,1.0934890111287434,0.1552894306833576,0.5721111116806666,0.06329111711630053,0.006000000052154064,0.0,0.006000000052154064,0.0,0.006000000052154064,0.0,0.006000000052154064,0.0,0.9760000109672546,0.0,95,206.6220154762268
0.7444248647093773,0.15503168488068905,0.7175333323478699,0.0719027429641695,0.006000000052154064,0.0,0.006000000052154064,0.0,0.006000000052154064,0.0,0.006000000052154064,0.0,0.9760000109672546,0.0,0.0010000000000000005,4.336808689942018e-19,1.0549017624060313,0.1506439556154423,0.5806888872385025,0.0668727886118404,0.006000000052154064,0.0,0.006000000052154064,0.0,0.006000000052154064,0.0,0.006000000052154064,0.0,0.9760000109672546,0.0,96,207.9912326335907
0.7422487722039223,0.14233453038200836,0.7173466664552689,0.06568598563712566,0.006000000052154064,0.0,0.006000000052154064,0.0,0.006000000052154064,0.0,0.006000000052154064,0.0,0.9760000109672546,0.0,0.0010000000000000005,4.336808689942018e-19,1.0597402677933374,0.1478419961045164,0.5812666649619739,0.06464738661835293,0.006000000052154064,0.0,0.006000000052154064,0.0,0.006000000052154064,0.0,0.006000000052154064,0.0,0.9760000109672546,0.0,97,206.4863715171814
0.7433648332953453,0.14015115713110404,0.7163866664767266,0.06549240319734118,0.006000000052154064,0.0,0.006000000052154064,0.0,0.006000000052154064,0.0,0.006000000052154064,0.0,0.9760000109672546,0.0,0.0010000000000000005,4.336808689942018e-19,1.0674349337816238,0.14312718698126836,0.5811333324511846,0.06274265964139562,0.006000000052154064,0.0,0.006000000052154064,0.0,0.006000000052154064,0.0,0.006000000052154064,0.0,0.9760000109672546,0.0,98,206.5487358570099
0.7295630087852478,0.14645895246668533,0.7249333329200744,0.06579848012454181,0.006000000052154064,0.0,0.006000000052154064,0.0,0.006000000052154064,0.0,0.006000000052154064,0.0,0.9760000109672546,0.0,0.0010000000000000005,4.336808689942018e-19,1.0607007122039795,0.14334585247346582,0.5803777788082759,0.06300621578351852,0.006000000052154064,0.0,0.006000000052154064,0.0,0.006000000052154064,0.0,0.006000000052154064,0.0,0.9760000109672546,0.0,99,207.45106959342957
0.7258763891458512,0.14635248903335224,0.7258533337116242,0.06769707637631543,0.006000000052154064,0.0,0.006000000052154064,0.0,0.006000000052154064,0.0,0.006000000052154064,0.0,0.9760000109672546,0.0,0.0010000000000000005,4.336808689942018e-19,1.056436711748441,0.15361179237827416,0.5828222220142683,0.06646997423419045,0.006000000052154064,0.0,0.006000000052154064,0.0,0.006000000052154064,0.0,0.006000000052154064,0.0,0.9760000109672546,0.0,100,208.98311161994934
